id,category,prompt,answer_numeric,unit,difficulty,reveal_text,source_label,source_url,reference_date,status,editorial_notes
BR-001,brasil,"Segundo o IBGE, qual era aproximadamente a área territorial do Brasil no cálculo de 2024?",8509379.576,"km²",medium,"Cerca de 8,51 milhões de km². O IBGE recalculou a área em 2024 e publicou 8.509.379,576 km².",IBGE,https://www.ibge.gov.br/geociencias/organizacao-do-territorio/estrutura-territorial/15761-areasdos-munivipios.html?c=2705101&t=destaques,2024-01-01,candidate,"No reveal visual, arredondar para 8,51 milhões; cálculo usa valor completo."
BR-002,brasil,"Quantos estados formam o Brasil, sem contar o Distrito Federal?",26,"estados",easy,"São 26 estados. Somando o Distrito Federal, o país tem 27 Unidades da Federação.",IBGE Educa,https://educa.ibge.gov.br/jovens/conheca-o-brasil/territorio/18310-divisao-politico-administrativa-e-regional.html,,candidate,"Boa pergunta de aquecimento; fácil de estimar e entender."
BR-003,brasil,"Em quantas grandes regiões o IBGE divide o Brasil?",5,"regiões",easy,"Cinco: Norte, Nordeste, Centro-Oeste, Sudeste e Sul.",IBGE Educa,https://educa.ibge.gov.br/jovens/conheca-o-brasil/territorio/18310-divisao-politico-administrativa-e-regional.html,,candidate,"Muito fácil; usar como respiro entre perguntas difíceis."
BR-004,brasil,"Na referência territorial divulgada pelo IBGE para 2021, quantos municípios o Brasil tinha?",5568,"municípios",hard,"Eram 5.568 municípios, além do Distrito Federal e do distrito insular de Fernando de Noronha na descrição territorial usada pelo IBGE.",IBGE Agência de Notícias,https://agenciadenoticias.ibge.gov.br/agencia-sala-de-imprensa/2013-agencia-de-noticias/releases/33079-ibge-atualiza-dados-geograficos-de-estados-e-municipios-brasileiros-2,2021-01-01,candidate,"Data precisa ficar explícita porque divisão territorial pode mudar."
BR-005,brasil,"Segundo o IBGE, qual era aproximadamente a área do Distrito Federal em 2025?",5760.785,"km²",hard,"Cerca de 5.761 km². O valor publicado para 2025 foi 5.760,785 km².",IBGE Cidades e Estados,https://www.ibge.gov.br/cidades-e-estados/df.html,2025-01-01,candidate,"Reveal arredondado; manter valor exato no banco."
MU-001,mundo,"Quantos metros de altura tem a Torre Eiffel atualmente, contando a antena?",330,"m",easy,"330 metros. Ela ganhou seis metros em 2022 com a instalação de uma nova antena de rádio digital.",Torre Eiffel — site oficial,https://www.toureiffel.paris/pt/o-monumento/numeros-chave,,candidate,"Enunciado precisa dizer que conta a antena."
MU-002,mundo,"Quantas toneladas pesa só a estrutura metálica da Torre Eiffel?",7300,"toneladas",hard,"A estrutura metálica pesa cerca de 7.300 toneladas; o peso total da torre é maior.",Torre Eiffel — site oficial,https://www.toureiffel.paris/pt/o-monumento/numeros-chave,,candidate,"Boa escala surpreendente; não confundir com peso total de 10.100 t."
MU-003,mundo,"Qual é aproximadamente o comprimento total da Golden Gate Bridge, incluindo as aproximações?",2737,"m",medium,"2.737 metros, ou cerca de 2,7 km de uma ponta à outra considerando as aproximações.",Golden Gate Bridge Highway and Transportation District,https://www.goldengate.org/exhibits/facts-and-figures-about-the-bridge/,,candidate,"Enunciado fixa total incluindo approaches."
MU-004,mundo,"Aproximadamente quantos quilômetros tem o Canal do Panamá entre os oceanos Atlântico e Pacífico?",80,"km",medium,"Cerca de 80 km. O canal corta uma das faixas mais estreitas do continente americano.",Autoridad del Canal de Panamá,https://pancanal.com/en/history-of-the-panama-canal/,,candidate,"Fonte usa aproximadamente; prompt também."
MU-005,mundo,"A quantos metros acima do nível do mar fica o Lago Gatún, usado na travessia do Canal do Panamá?",26,"m",hard,"Cerca de 26 metros. As eclusas funcionam como elevadores de água para levar os navios até esse nível.",Autoridad del Canal de Panamá,https://pancanal.com/en/history-of-the-panama-canal/,,candidate,"Reveal explica por que o número importa."
CN-001,ciencia_natureza,"Qual é aproximadamente o diâmetro da Terra no equador?",12756,"km",medium,"Cerca de 12.756 km no equador.",NASA Science,https://science.nasa.gov/earth/facts/,,candidate,"Boa referência mental; valor estável."
CN-002,ciencia_natureza,"Em média, quantos quilômetros separam a Terra da Lua?",384400,"km",medium,"Cerca de 384.400 km. Daria para enfileirar aproximadamente 30 Terras nesse espaço.",NASA Science,https://science.nasa.gov/moon/facts/,,candidate,"Reveal forte; manter 'em média'."
CN-003,ciencia_natureza,"Qual é aproximadamente o raio da Lua?",1740,"km",hard,"Cerca de 1.740 km. A Lua tem menos de um terço da largura da Terra.",NASA Science,https://science.nasa.gov/moon/facts/,,candidate,"Boa depois de pergunta de distância, mas não na mesma partida se possível."
CN-004,ciencia_natureza,"Segundo a NASA, qual é aproximadamente a distância média da Terra ao Sol?",150196428,"km",hard,"Cerca de 150 milhões de km. Essa distância é a base da unidade astronômica.",NASA Science,https://science.nasa.gov/earth/facts/,,candidate,"No reveal usar 150 milhões para leitura; cálculo usa valor publicado."
CN-005,ciencia_natureza,"Qual é a velocidade exata da luz no vácuo?",299792458,"m/s",hard,"299.792.458 metros por segundo. Esse valor é definido exatamente no Sistema Internacional.",NIST,https://www.nist.gov/pml/special-publication-811/nist-guide-si-chapter-7-rules-and-style-conventions-expressing-values,,candidate,"Apesar de exata, funciona por escala; interface deve aceitar número grande confortavelmente."
TE-001,tecnologia,"Quantas polegadas tinha a tela do primeiro iPhone apresentado em 2007?",3.5,"polegadas",easy,"3,5 polegadas. Na época a Apple descrevia isso como uma tela widescreen grande para um aparelho de bolso.",Apple Newsroom,https://www.apple.com/br/newsroom/2007/01/09Apple-Reinvents-the-Phone-with-iPhone/,2007-01-09,candidate,"Pergunta histórica, estável."
TE-002,tecnologia,"Quantos gigabytes tinha a versão mais barata do primeiro iPhone anunciada em 2007?",4,"GB",medium,"4 GB. O modelo inicial também foi anunciado em versão de 8 GB.",Apple Newsroom,https://www.apple.com/newsroom/2007/01/09Apple-Reinvents-the-Phone-with-iPhone/,2007-01-09,candidate,"Deixar claro que é versão mais barata anunciada."
TE-003,tecnologia,"Qual era o preço anunciado nos EUA para o iPhone original de 4 GB em janeiro de 2007?",499,"US$",hard,"US$ 499 para o modelo de 4 GB no anúncio original.",Apple Newsroom,https://www.apple.com/newsroom/2007/01/09Apple-Reinvents-the-Phone-with-iPhone/,2007-01-09,candidate,"Preço histórico; data explícita."
TE-004,tecnologia,"Quantos dias o primeiro iPhone levou para atingir um milhão de unidades vendidas?",74,"dias",hard,"74 dias. A Apple anunciou o milionésimo iPhone em setembro de 2007.",Apple Newsroom,https://www.apple.com/newsroom/2007/09/10Apple-Sells-One-Millionth-iPhone/,2007-09-10,candidate,"Boa curiosidade histórica."
TE-005,tecnologia,"Aproximadamente quantas toneladas pesava o computador ENIAC?",30,"toneladas",medium,"Cerca de 30 toneladas. O ENIAC também ocupava mais de 1.500 pés quadrados de espaço.",Computer History Museum,https://www.computerhistory.org/tdih/february/14/,,candidate,"Pergunta excelente de escala absurda comparada a computadores atuais."
CH-001,corpo_humano,"Quantos ossos são tradicionalmente contados no esqueleto humano adulto?",206,"ossos",easy,"206 é a contagem tradicional do esqueleto adulto, embora existam variações anatômicas entre pessoas.",NCBI Bookshelf,https://ncbi.nlm.nih.gov/books/NBK441968/?report=classic,,candidate,"Reveal precisa mencionar variação para não vender falsa precisão biológica."
CH-002,corpo_humano,"Aproximadamente quantos ossos um bebê tem ao nascer antes de vários deles se fundirem?",270,"ossos",medium,"Cerca de 270. Muitos se fundem durante o crescimento até chegar à contagem adulta tradicional de aproximadamente 206.",NCBI Bookshelf,https://ncbi.nlm.nih.gov/books/NBK441968/?report=classic,,candidate,"Aproximadamente é importante."
CH-003,corpo_humano,"Quantos ossos formam o esqueleto apendicular de um adulto na contagem anatômica tradicional?",126,"ossos",hard,"126 ossos fazem parte do esqueleto apendicular, que inclui membros e cinturas escapular e pélvica.",NCBI Bookshelf,https://www.ncbi.nlm.nih.gov/sites/books/NBK535397/,,candidate,"Pode ser hard, mas ainda estimável a partir de 206."
CH-004,corpo_humano,"No topo da faixa média citada pelo National Eye Institute, quantas vezes uma pessoa pisca por minuto?",20,"piscadas/min",medium,"A faixa média citada é de cerca de 15 a 20 piscadas por minuto.",National Eye Institute,https://www.nei.nih.gov/eye-health-information/healthy-vision/nei-for-kids/visual-system,,candidate,"Pergunta usa topo da faixa para manter resposta numérica única; revisar se fica natural."
CH-005,corpo_humano,"Aproximadamente quantos litros de sangue um adulto médio tem no corpo?",5,"L",medium,"Mais de cinco litros é uma boa ordem de grandeza para um adulto médio.",NCBI Bookshelf,https://www.ncbi.nlm.nih.gov/books/NBK2263/?report=reader,,candidate,"Fonte diz 'more than 5 liters'; tratar resposta como aproximação."
ES-001,esportes,"Qual é o comprimento recomendado pela FIFA para um campo de futebol de padrão internacional?",105,"m",easy,"105 metros de comprimento. A recomendação da FIFA combina isso com 68 metros de largura.",FIFA,https://inside.fifa.com/en/innovation/stadium-guidelines/technical-guidelines/stadiums-guidelines/pitch-dimensions-and-surrounding-areas,,candidate,"Não confundir com toda faixa permitida pelas Laws of the Game; pergunta fala recomendação FIFA."
ES-002,esportes,"Qual é a largura recomendada pela FIFA para esse mesmo campo de futebol?",68,"m",medium,"68 metros de largura para a recomendação de 105 x 68 m.",FIFA,https://inside.fifa.com/en/innovation/stadium-guidelines/technical-guidelines/stadiums-guidelines/pitch-dimensions-and-surrounding-areas,,candidate,"Evitar ES-001 e ES-002 na mesma partida."
ES-003,esportes,"Quantos pés de comprimento tem uma quadra oficial da NBA?",94,"pés",medium,"94 pés de comprimento, com 50 pés de largura.",NBA,https://jr.nba.com/interactive-court/,,candidate,"Unidade em pés porque é a referência oficial americana; interface pode mostrar conversão no reveal."
ES-004,esportes,"Quantos segundos dura o relógio de arremesso usado na NBA?",24,"s",easy,"24 segundos. O mesmo valor é usado na NBA G League.",NBA G League,https://gleague.nba.com/faq,,candidate,"Pergunta conhecida, boa para easy."
ES-005,esportes,"Quantos metros tem uma volta completa em uma pista padrão de atletismo ao ar livre?",400,"m",easy,"400 metros. A prova dos 400 m corresponde a uma volta completa na pista padrão ao ar livre.",World Athletics,https://worldathletics.org/disciplines/track-running/400-metres,,candidate,"Boa pergunta visual e direta."
CT-001,cinema_tv,"Aproximadamente quantos minutos dura Toy Story na versão de cinema classificada pelo BBFC?",81,"min",easy,"Cerca de 81 minutos. É um daqueles filmes que parecem maiores na memória do que no relógio.",BBFC,https://www.bbfc.co.uk/release/toy-story-q29sbgvjdglvbjpwwc0zndq0mjc,,candidate,"Usar versão de cinema indicada pela fonte."
CT-002,cinema_tv,"Aproximadamente quantos minutos dura Oppenheimer na versão de cinema de 2023 classificada pelo BBFC?",180,"min",medium,"Cerca de 180 minutos — três horas de filme.",BBFC,https://www.bbfc.co.uk/release/oppenheimer-q29sbgvjdglvbjpwwc0xmda2mjm0,2023-07-07,candidate,"Fonte tem versões com pequenas diferenças; prompt fixa cinema 2D de 2023 e arredonda."
CT-003,cinema_tv,"Aproximadamente quantos minutos dura Avengers: Endgame na versão de cinema classificada pelo BBFC?",181,"min",medium,"Cerca de 181 minutos — praticamente três horas.",BBFC,https://www.bbfc.co.uk/release/avengers-endgame-q29sbgvjdglvbjpwwc00mde4oda,2019-04-12,candidate,"BBFC lista 180m57s no cinema; resposta arredondada a 181."
CT-004,cinema_tv,"Aproximadamente quantos minutos dura Titanic na versão de cinema de 1997 classificada pelo BBFC?",195,"min",medium,"Cerca de 195 minutos, pouco mais de três horas.",BBFC,https://www.bbfc.co.uk/release/titanic-q29sbgvjdglvbjpwwc0zmdu3oty,1997-11-14,candidate,"Fonte lista 194m36s para cinema de 1997; resposta arredondada."
CT-005,cinema_tv,"Aproximadamente quantos minutos dura Barbie na versão de cinema de 2023 classificada pelo BBFC?",114,"min",easy,"Cerca de 114 minutos, ou 1h54.",BBFC,https://www.bbfc.co.uk/release/barbie-q29sbgvjdglvbjpwwc0xmda5otq3,2023-07-02,candidate,"Fonte lista 113m54s; resposta arredondada."
MS-001,musica,"Quantas teclas tem um piano de tamanho padrão como os modelos digitais ARIUS da Yamaha?",88,"teclas",easy,"88 teclas é o tamanho padrão de um piano completo moderno.",Yamaha Brasil,https://br.yamaha.com/pt/musical-instruments/pianos/products/arius/ydp-105/index.html,,candidate,"Boa pergunta popular."
MS-002,musica,"Quantas cordas tem a maioria das guitarras modernas em configuração padrão?",6,"cordas",easy,"Seis cordas. Na afinação padrão, elas correspondem a E, A, D, G, B e E.",Fender,https://www.fender.com/articles/techniques/never-forget-string-names-again,,candidate,"Pergunta simples de aquecimento."
MS-003,musica,"Quantas cordas tem um violino tradicional?",4,"cordas",easy,"Quatro cordas, afinadas em G, D, A e E do grave para o agudo.",Yamaha Musical Instrument Guide,https://www.yamaha.com/en/musical_instrument_guide/violin/mechanism/mechanism002.html,,candidate,"Estável e clara."
MS-004,musica,"Quantas cordas se tornaram padrão nos violoncelos a partir do século XVIII?",4,"cordas",medium,"Quatro cordas se tornaram o padrão moderno do violoncelo.",Yamaha Musical Instrument Guide,https://www.yamaha.com/en/musical_instrument_guide/violin/structure/structure005.html,,candidate,"Histórico deixa a pergunta menos óbvia que a do violino."
MS-005,musica,"Por volta de que ano foi construído o violino mais antigo ainda existente citado pelo guia histórico da Yamaha?",1565,"ano",hard,"Por volta de 1565, construído por Andrea Amati.",Yamaha Musical Instrument Guide,https://www.yamaha.com/en/musical_instrument_guide/violin/structure/,,candidate,"Perguntas de ano funcionam, mas não abusar delas em uma mesma partida."
CO-001,comida,"Qual é o valor de calorias usado pela FDA como referência geral diária nos rótulos nutricionais?",2000,"kcal",easy,"2.000 kcal por dia é o valor de referência geral usado no rótulo; necessidades individuais podem ser maiores ou menores.",FDA,https://www.fda.gov/food/nutrition-facts-label/whats-nutrition-facts-label,2026-08-09,candidate,"Enunciado fala referência de rótulo, não recomendação individual."
CO-002,comida,"Qual é o valor diário de referência de sódio usado pela FDA nos rótulos nutricionais?",2300,"mg",medium,"2.300 mg por dia é o Daily Value de sódio usado na referência da FDA.",FDA,https://www.fda.gov/food/nutrition-facts-label/how-understand-and-use-nutrition-facts-label,2026-08-09,candidate,"Pode mudar no futuro; manter data de referência."
CO-003,comida,"Qual é o valor diário de referência de açúcares adicionados usado pela FDA para uma dieta de 2.000 kcal?",50,"g",medium,"50 g de açúcares adicionados correspondem ao valor diário de referência nesse padrão de 2.000 kcal.",FDA,https://www.fda.gov/food/nutrition-facts-label/added-sugars-nutrition-facts-label,2026-08-09,candidate,"Revisar diversão; dado é útil mas pode soar educativo demais."
CO-004,comida,"Qual era a área da maior pizza registrada pelo Guinness em Los Angeles em janeiro de 2023?",1296.72,"m²",hard,"1.296,72 m² — uma pizza com área maior que muitos terrenos urbanos.",Guinness World Records,https://www.guinnessworldrecords.com/world-records/largest-pizza,2023-01-19,candidate,"Recordes podem mudar; data fica no prompt."
CO-005,comida,"Quantos metros media a pizza reconhecida pelo Guinness como a mais longa no recorde de junho de 2017?",1930.39,"m",hard,"1.930,39 metros — quase dois quilômetros de pizza.",Guinness World Records,https://www.guinnessworldrecords.com/world-records/longest-pizza,2017-06-10,candidate,"Data explícita para congelar o recorde."
CA-001,curiosidades_absurdas,"Quantos rebites foram usados na Torre Eiffel, segundo o site oficial?",2500000,"rebites",hard,"Cerca de 2,5 milhões de rebites seguram a estrutura da Torre Eiffel.",Torre Eiffel — site oficial,https://www.toureiffel.paris/pt/o-monumento/numeros-chave,,candidate,"Não usar na mesma partida que outras perguntas da Torre."
CA-002,curiosidades_absurdas,"Quantos fios formam cada um dos cabos principais da Golden Gate Bridge?",27572,"fios",hard,"Cada cabo principal é composto por 27.572 fios.",Golden Gate Bridge Highway and Transportation District,https://www.goldengate.org/exhibits/facts-and-figures-about-the-bridge/,,candidate,"Reveal pode dizer que os fios estendidos dariam mais de três voltas na Terra, segundo a fonte."
CA-003,curiosidades_absurdas,"Aproximadamente quantas válvulas a vácuo o ENIAC usava?",18000,"válvulas",hard,"Cerca de 18 mil válvulas a vácuo. E ele ainda pesava aproximadamente 30 toneladas.",Computer History Museum,https://www.computerhistory.org/tdih/february/14/,,candidate,"Não combinar com TE-005 na mesma partida."
CA-004,curiosidades_absurdas,"Aproximadamente quantas fatias de pepperoni foram usadas na pizza gigante do recorde Guinness de janeiro de 2023?",630496,"fatias",hard,"Cerca de 630.496 fatias de pepperoni foram usadas na pizza recordista.",Guinness World Records,https://www.guinnessworldrecords.com/world-records/largest-pizza,2023-01-19,candidate,"Número absurdo e ótimo para reveal; data explícita."
CA-005,curiosidades_absurdas,"Aproximadamente quantos quilos de massa foram usados nessa pizza gigante recordista de 2023?",6193,"kg",hard,"Foram cerca de 6.193 kg de massa — mais de seis toneladas só de massa.",Guinness World Records,https://www.guinnessworldrecords.com/world-records/largest-pizza,2023-01-19,candidate,"Não usar na mesma partida que CO-004 ou CA-004."